name,alias1,alias2
AWS Certified Solutions Architect,AWS,Amazon Web Services
PMP (Project Management Professional),PMP,PMI
Certified ScrumMaster (CSM),CSM,Scrum Alliance
Cisco Certified Network Associate (CCNA),CCNA,Cisco
Microsoft Certified: Azure Solutions Architect Expert,Azure,Microsoft
Google Cloud Professional Cloud Architect,GCP,Google
ITIL Foundation,ITIL,Axelos
CISSP,CISSP,ISC2
Certified Ethical Hacker (CEH),CEH,EC-Council
CompTIA Security+,CompTIA,CompTIA
IELTS,IELTS,British Council
TOEIC,TOEIC,ETS
JLPT N1,JLPT,Japan Foundation
JLPT N2,JLPT,Japan Foundation
JLPT N3,JLPT,Japan Foundation
